district,date,month,year,visitors,type
Adilabad,01-01-2016,January,2016,2,foreign
Adilabad,01-02-2016,February,2016,0,foreign
Adilabad,01-03-2016,March,2016,2,foreign
Adilabad,01-04-2016,April,2016,0,foreign
Adilabad,01-05-2016,May,2016,0,foreign
Adilabad,01-06-2016,June,2016,0,foreign
Adilabad,01-07-2016,July,2016,4,foreign
Adilabad,01-08-2016,August,2016,2,foreign
Adilabad,01-09-2016,September,2016,0,foreign
Adilabad,01-10-2016,October,2016,0,foreign
Adilabad,01-11-2016,November,2016,0,foreign
Adilabad,01-12-2016,December,2016,0,foreign
Bhadradri Kothagudem ,01-01-2016,January,2016, ,foreign
Bhadradri Kothagudem ,01-02-2016,February,2016, ,foreign
Bhadradri Kothagudem ,01-03-2016,March,2016, ,foreign
Bhadradri Kothagudem ,01-04-2016,April,2016, ,foreign
Bhadradri Kothagudem ,01-05-2016,May,2016, ,foreign
Bhadradri Kothagudem ,01-06-2016,June,2016, ,foreign
Bhadradri Kothagudem ,01-07-2016,July,2016, ,foreign
Bhadradri Kothagudem ,01-08-2016,August,2016, ,foreign
Bhadradri Kothagudem ,01-09-2016,September,2016, ,foreign
Bhadradri Kothagudem ,01-10-2016,October,2016,0,foreign
Bhadradri Kothagudem ,01-11-2016,November,2016,0,foreign
Bhadradri Kothagudem ,01-12-2016,December,2016,0,foreign
Hyderabad,01-01-2016,January,2016,15865,foreign
Hyderabad,01-02-2016,February,2016,29646,foreign
Hyderabad,01-03-2016,March,2016,13019,foreign
Hyderabad,01-04-2016,April,2016,8402,foreign
Hyderabad,01-05-2016,May,2016,8522,foreign
Hyderabad,01-06-2016,June,2016,10284,foreign
Hyderabad,01-07-2016,July,2016,17142,foreign
Hyderabad,01-08-2016,August,2016,12842,foreign
Hyderabad,01-09-2016,September,2016,9397,foreign
Hyderabad,01-10-2016,October,2016,12808,foreign
Hyderabad,01-11-2016,November,2016,8084,foreign
Hyderabad,01-12-2016,December,2016,17620,foreign
Jagtial ,01-01-2016,January,2016, ,foreign
Jagtial ,01-02-2016,February,2016, ,foreign
Jagtial ,01-03-2016,March,2016, ,foreign
Jagtial ,01-04-2016,April,2016, ,foreign
Jagtial ,01-05-2016,May,2016, ,foreign
Jagtial ,01-06-2016,June,2016, ,foreign
Jagtial ,01-07-2016,July,2016, ,foreign
Jagtial ,01-08-2016,August,2016, ,foreign
Jagtial ,01-09-2016,September,2016, ,foreign
Jagtial ,01-10-2016,October,2016,0,foreign
Jagtial ,01-11-2016,November,2016,0,foreign
Jagtial ,01-12-2016,December,2016,0,foreign
Jangaon ,01-01-2016,January,2016, ,foreign
Jangaon ,01-02-2016,February,2016, ,foreign
Jangaon ,01-03-2016,March,2016, ,foreign
Jangaon ,01-04-2016,April,2016, ,foreign
Jangaon ,01-05-2016,May,2016, ,foreign
Jangaon ,01-06-2016,June,2016, ,foreign
Jangaon ,01-07-2016,July,2016, ,foreign
Jangaon ,01-08-2016,August,2016, ,foreign
Jangaon ,01-09-2016,September,2016, ,foreign
Jangaon ,01-10-2016,October,2016,0,foreign
Jangaon ,01-11-2016,November,2016,2,foreign
Jangaon ,01-12-2016,December,2016,0,foreign
Jayashankar Bhoopalpally,01-01-2016,January,2016, ,foreign
Jayashankar Bhoopalpally,01-02-2016,February,2016, ,foreign
Jayashankar Bhoopalpally,01-03-2016,March,2016, ,foreign
Jayashankar Bhoopalpally,01-04-2016,April,2016, ,foreign
Jayashankar Bhoopalpally,01-05-2016,May,2016, ,foreign
Jayashankar Bhoopalpally,01-06-2016,June,2016, ,foreign
Jayashankar Bhoopalpally,01-07-2016,July,2016, ,foreign
Jayashankar Bhoopalpally,01-08-2016,August,2016, ,foreign
Jayashankar Bhoopalpally,01-09-2016,September,2016, ,foreign
Jayashankar Bhoopalpally,01-10-2016,October,2016,24,foreign
Jayashankar Bhoopalpally,01-11-2016,November,2016,22,foreign
Jayashankar Bhoopalpally,01-12-2016,December,2016,40,foreign
Jogulamba Gadwal ,01-01-2016,January,2016, ,foreign
Jogulamba Gadwal ,01-02-2016,February,2016, ,foreign
Jogulamba Gadwal ,01-03-2016,March,2016, ,foreign
Jogulamba Gadwal ,01-04-2016,April,2016, ,foreign
Jogulamba Gadwal ,01-05-2016,May,2016, ,foreign
Jogulamba Gadwal ,01-06-2016,June,2016, ,foreign
Jogulamba Gadwal ,01-07-2016,July,2016, ,foreign
Jogulamba Gadwal ,01-08-2016,August,2016, ,foreign
Jogulamba Gadwal ,01-09-2016,September,2016, ,foreign
Jogulamba Gadwal ,01-10-2016,October,2016,13,foreign
Jogulamba Gadwal ,01-11-2016,November,2016,21,foreign
Jogulamba Gadwal ,01-12-2016,December,2016,11,foreign
Kamareddy ,01-01-2016,January,2016, ,foreign
Kamareddy ,01-02-2016,February,2016, ,foreign
Kamareddy ,01-03-2016,March,2016, ,foreign
Kamareddy ,01-04-2016,April,2016, ,foreign
Kamareddy ,01-05-2016,May,2016, ,foreign
Kamareddy ,01-06-2016,June,2016, ,foreign
Kamareddy ,01-07-2016,July,2016, ,foreign
Kamareddy ,01-08-2016,August,2016, ,foreign
Kamareddy ,01-09-2016,September,2016, ,foreign
Kamareddy ,01-10-2016,October,2016,0,foreign
Kamareddy ,01-11-2016,November,2016,0,foreign
Kamareddy ,01-12-2016,December,2016,0,foreign
Karimnagar ,01-01-2016,January,2016,0,foreign
Karimnagar ,01-02-2016,February,2016,0,foreign
Karimnagar ,01-03-2016,March,2016,0,foreign
Karimnagar ,01-04-2016,April,2016,0,foreign
Karimnagar ,01-05-2016,May,2016,0,foreign
Karimnagar ,01-06-2016,June,2016,0,foreign
Karimnagar ,01-07-2016,July,2016,0,foreign
Karimnagar ,01-08-2016,August,2016,0,foreign
Karimnagar ,01-09-2016,September,2016,0,foreign
Karimnagar ,01-10-2016,October,2016,0,foreign
Karimnagar ,01-11-2016,November,2016,0,foreign
Karimnagar ,01-12-2016,December,2016,0,foreign
Khammam,01-01-2016,January,2016,0,foreign
Khammam,01-02-2016,February,2016,0,foreign
Khammam,01-03-2016,March,2016,0,foreign
Khammam,01-04-2016,April,2016,0,foreign
Khammam,01-05-2016,May,2016,0,foreign
Khammam,01-06-2016,June,2016,0,foreign
Khammam,01-07-2016,July,2016,0,foreign
Khammam,01-08-2016,August,2016,0,foreign
Khammam,01-09-2016,September,2016,0,foreign
Khammam,01-10-2016,October,2016,0,foreign
Khammam,01-11-2016,November,2016,0,foreign
Khammam,01-12-2016,December,2016,0,foreign
Komaram Bheem Asifabad,01-01-2016,January,2016, ,foreign
Komaram Bheem Asifabad,01-02-2016,February,2016, ,foreign
Komaram Bheem Asifabad,01-03-2016,March,2016, ,foreign
Komaram Bheem Asifabad,01-04-2016,April,2016, ,foreign
Komaram Bheem Asifabad,01-05-2016,May,2016, ,foreign
Komaram Bheem Asifabad,01-06-2016,June,2016, ,foreign
Komaram Bheem Asifabad,01-07-2016,July,2016, ,foreign
Komaram Bheem Asifabad,01-08-2016,August,2016, ,foreign
Komaram Bheem Asifabad,01-09-2016,September,2016, ,foreign
Komaram Bheem Asifabad,01-10-2016,October,2016,0,foreign
Komaram Bheem Asifabad,01-11-2016,November,2016,0,foreign
Komaram Bheem Asifabad,01-12-2016,December,2016,0,foreign
Mahabubabad ,01-01-2016,January,2016, ,foreign
Mahabubabad ,01-02-2016,February,2016, ,foreign
Mahabubabad ,01-03-2016,March,2016, ,foreign
Mahabubabad ,01-04-2016,April,2016, ,foreign
Mahabubabad ,01-05-2016,May,2016, ,foreign
Mahabubabad ,01-06-2016,June,2016, ,foreign
Mahabubabad ,01-07-2016,July,2016, ,foreign
Mahabubabad ,01-08-2016,August,2016, ,foreign
Mahabubabad ,01-09-2016,September,2016, ,foreign
Mahabubabad ,01-10-2016,October,2016,0,foreign
Mahabubabad ,01-11-2016,November,2016,0,foreign
Mahabubabad ,01-12-2016,December,2016,0,foreign
Mahbubnagar,01-01-2016,January,2016,123,foreign
Mahbubnagar,01-02-2016,February,2016,126,foreign
Mahbubnagar,01-03-2016,March,2016,103,foreign
Mahbubnagar,01-04-2016,April,2016,75,foreign
Mahbubnagar,01-05-2016,May,2016,58,foreign
Mahbubnagar,01-06-2016,June,2016,68,foreign
Mahbubnagar,01-07-2016,July,2016,63,foreign
Mahbubnagar,01-08-2016,August,2016,86,foreign
Mahbubnagar,01-09-2016,September,2016,74,foreign
Mahbubnagar,01-10-2016,October,2016,37,foreign
Mahbubnagar,01-11-2016,November,2016,29,foreign
Mahbubnagar,01-12-2016,December,2016,26,foreign
Mancherial,01-01-2016,January,2016, ,foreign
Mancherial,01-02-2016,February,2016, ,foreign
Mancherial,01-03-2016,March,2016, ,foreign
Mancherial,01-04-2016,April,2016, ,foreign
Mancherial,01-05-2016,May,2016, ,foreign
Mancherial,01-06-2016,June,2016, ,foreign
Mancherial,01-07-2016,July,2016, ,foreign
Mancherial,01-08-2016,August,2016, ,foreign
Mancherial,01-09-2016,September,2016, ,foreign
Mancherial,01-10-2016,October,2016,0,foreign
Mancherial,01-11-2016,November,2016,0,foreign
Mancherial,01-12-2016,December,2016,0,foreign
Medak ,01-01-2016,January,2016,0,foreign
Medak ,01-02-2016,February,2016,0,foreign
Medak ,01-03-2016,March,2016,0,foreign
Medak ,01-04-2016,April,2016,0,foreign
Medak ,01-05-2016,May,2016,0,foreign
Medak ,01-06-2016,June,2016,0,foreign
Medak ,01-07-2016,July,2016,0,foreign
Medak ,01-08-2016,August,2016,0,foreign
Medak ,01-09-2016,September,2016,0,foreign
Medak ,01-10-2016,October,2016,0,foreign
Medak ,01-11-2016,November,2016,0,foreign
Medak ,01-12-2016,December,2016,0,foreign
Medchal ,01-01-2016,January,2016, ,foreign
Medchal ,01-02-2016,February,2016, ,foreign
Medchal ,01-03-2016,March,2016, ,foreign
Medchal ,01-04-2016,April,2016, ,foreign
Medchal ,01-05-2016,May,2016, ,foreign
Medchal ,01-06-2016,June,2016, ,foreign
Medchal ,01-07-2016,July,2016, ,foreign
Medchal ,01-08-2016,August,2016, ,foreign
Medchal ,01-09-2016,September,2016, ,foreign
Medchal ,01-10-2016,October,2016, ,foreign
Medchal ,01-11-2016,November,2016, ,foreign
Medchal ,01-12-2016,December,2016, ,foreign
Nagarkurnool ,01-01-2016,January,2016, ,foreign
Nagarkurnool ,01-02-2016,February,2016, ,foreign
Nagarkurnool ,01-03-2016,March,2016, ,foreign
Nagarkurnool ,01-04-2016,April,2016, ,foreign
Nagarkurnool ,01-05-2016,May,2016, ,foreign
Nagarkurnool ,01-06-2016,June,2016, ,foreign
Nagarkurnool ,01-07-2016,July,2016, ,foreign
Nagarkurnool ,01-08-2016,August,2016, ,foreign
Nagarkurnool ,01-09-2016,September,2016, ,foreign
Nagarkurnool ,01-10-2016,October,2016,8,foreign
Nagarkurnool ,01-11-2016,November,2016,11,foreign
Nagarkurnool ,01-12-2016,December,2016,10,foreign
Nalgonda,01-01-2016,January,2016,0,foreign
Nalgonda,01-02-2016,February,2016,0,foreign
Nalgonda,01-03-2016,March,2016,0,foreign
Nalgonda,01-04-2016,April,2016,0,foreign
Nalgonda,01-05-2016,May,2016,0,foreign
Nalgonda,01-06-2016,June,2016,0,foreign
Nalgonda,01-07-2016,July,2016,0,foreign
Nalgonda,01-08-2016,August,2016,0,foreign
Nalgonda,01-09-2016,September,2016,0,foreign
Nalgonda,01-10-2016,October,2016,0,foreign
Nalgonda,01-11-2016,November,2016,0,foreign
Nalgonda,01-12-2016,December,2016,0,foreign
Nirmal,01-01-2016,January,2016, ,foreign
Nirmal,01-02-2016,February,2016, ,foreign
Nirmal,01-03-2016,March,2016, ,foreign
Nirmal,01-04-2016,April,2016, ,foreign
Nirmal,01-05-2016,May,2016, ,foreign
Nirmal,01-06-2016,June,2016, ,foreign
Nirmal,01-07-2016,July,2016, ,foreign
Nirmal,01-08-2016,August,2016, ,foreign
Nirmal,01-09-2016,September,2016, ,foreign
Nirmal,01-10-2016,October,2016,0,foreign
Nirmal,01-11-2016,November,2016,0,foreign
Nirmal,01-12-2016,December,2016,0,foreign
Nizamabad,01-01-2016,January,2016,0,foreign
Nizamabad,01-02-2016,February,2016,0,foreign
Nizamabad,01-03-2016,March,2016,0,foreign
Nizamabad,01-04-2016,April,2016,0,foreign
Nizamabad,01-05-2016,May,2016,0,foreign
Nizamabad,01-06-2016,June,2016,0,foreign
Nizamabad,01-07-2016,July,2016,0,foreign
Nizamabad,01-08-2016,August,2016,0,foreign
Nizamabad,01-09-2016,September,2016,0,foreign
Nizamabad,01-10-2016,October,2016,0,foreign
Nizamabad,01-11-2016,November,2016,0,foreign
Nizamabad,01-12-2016,December,2016,0,foreign
Peddapalli,01-01-2016,January,2016, ,foreign
Peddapalli,01-02-2016,February,2016, ,foreign
Peddapalli,01-03-2016,March,2016, ,foreign
Peddapalli,01-04-2016,April,2016, ,foreign
Peddapalli,01-05-2016,May,2016, ,foreign
Peddapalli,01-06-2016,June,2016, ,foreign
Peddapalli,01-07-2016,July,2016, ,foreign
Peddapalli,01-08-2016,August,2016, ,foreign
Peddapalli,01-09-2016,September,2016, ,foreign
Peddapalli,01-10-2016,October,2016,0,foreign
Peddapalli,01-11-2016,November,2016,0,foreign
Peddapalli,01-12-2016,December,2016,0,foreign
Rajanna Sircilla ,01-01-2016,January,2016, ,foreign
Rajanna Sircilla ,01-02-2016,February,2016, ,foreign
Rajanna Sircilla ,01-03-2016,March,2016, ,foreign
Rajanna Sircilla ,01-04-2016,April,2016, ,foreign
Rajanna Sircilla ,01-05-2016,May,2016, ,foreign
Rajanna Sircilla ,01-06-2016,June,2016, ,foreign
Rajanna Sircilla ,01-07-2016,July,2016, ,foreign
Rajanna Sircilla ,01-08-2016,August,2016, ,foreign
Rajanna Sircilla ,01-09-2016,September,2016, ,foreign
Rajanna Sircilla ,01-10-2016,October,2016,0,foreign
Rajanna Sircilla ,01-11-2016,November,2016,0,foreign
Rajanna Sircilla ,01-12-2016,December,2016,0,foreign
Ranga Reddy,01-01-2016,January,2016, ,foreign
Ranga Reddy,01-02-2016,February,2016, ,foreign
Ranga Reddy,01-03-2016,March,2016, ,foreign
Ranga Reddy,01-04-2016,April,2016, ,foreign
Ranga Reddy,01-05-2016,May,2016, ,foreign
Ranga Reddy,01-06-2016,June,2016, ,foreign
Ranga Reddy,01-07-2016,July,2016, ,foreign
Ranga Reddy,01-08-2016,August,2016, ,foreign
Ranga Reddy,01-09-2016,September,2016, ,foreign
Ranga Reddy,01-10-2016,October,2016, ,foreign
Ranga Reddy,01-11-2016,November,2016, ,foreign
Ranga Reddy,01-12-2016,December,2016, ,foreign
Sangareddy ,01-01-2016,January,2016, ,foreign
Sangareddy ,01-02-2016,February,2016, ,foreign
Sangareddy ,01-03-2016,March,2016, ,foreign
Sangareddy ,01-04-2016,April,2016, ,foreign
Sangareddy ,01-05-2016,May,2016, ,foreign
Sangareddy ,01-06-2016,June,2016, ,foreign
Sangareddy ,01-07-2016,July,2016, ,foreign
Sangareddy ,01-08-2016,August,2016, ,foreign
Sangareddy ,01-09-2016,September,2016, ,foreign
Sangareddy ,01-10-2016,October,2016,0,foreign
Sangareddy ,01-11-2016,November,2016,0,foreign
Sangareddy ,01-12-2016,December,2016,0,foreign
Siddipet,01-01-2016,January,2016, ,foreign
Siddipet,01-02-2016,February,2016, ,foreign
Siddipet,01-03-2016,March,2016, ,foreign
Siddipet,01-04-2016,April,2016, ,foreign
Siddipet,01-05-2016,May,2016, ,foreign
Siddipet,01-06-2016,June,2016, ,foreign
Siddipet,01-07-2016,July,2016, ,foreign
Siddipet,01-08-2016,August,2016, ,foreign
Siddipet,01-09-2016,September,2016, ,foreign
Siddipet,01-10-2016,October,2016,0,foreign
Siddipet,01-11-2016,November,2016,0,foreign
Siddipet,01-12-2016,December,2016,0,foreign
Suryapet,01-01-2016,January,2016, ,foreign
Suryapet,01-02-2016,February,2016, ,foreign
Suryapet,01-03-2016,March,2016, ,foreign
Suryapet,01-04-2016,April,2016, ,foreign
Suryapet,01-05-2016,May,2016, ,foreign
Suryapet,01-06-2016,June,2016, ,foreign
Suryapet,01-07-2016,July,2016, ,foreign
Suryapet,01-08-2016,August,2016, ,foreign
Suryapet,01-09-2016,September,2016, ,foreign
Suryapet,01-10-2016,October,2016,0,foreign
Suryapet,01-11-2016,November,2016,0,foreign
Suryapet,01-12-2016,December,2016,0,foreign
Vikarabad,01-01-2016,January,2016, ,foreign
Vikarabad,01-02-2016,February,2016, ,foreign
Vikarabad,01-03-2016,March,2016, ,foreign
Vikarabad,01-04-2016,April,2016, ,foreign
Vikarabad,01-05-2016,May,2016, ,foreign
Vikarabad,01-06-2016,June,2016, ,foreign
Vikarabad,01-07-2016,July,2016, ,foreign
Vikarabad,01-08-2016,August,2016, ,foreign
Vikarabad,01-09-2016,September,2016, ,foreign
Vikarabad,01-10-2016,October,2016, ,foreign
Vikarabad,01-11-2016,November,2016, ,foreign
Vikarabad,01-12-2016,December,2016, ,foreign
Wanaparthy ,01-01-2016,January,2016, ,foreign
Wanaparthy ,01-02-2016,February,2016, ,foreign
Wanaparthy ,01-03-2016,March,2016, ,foreign
Wanaparthy ,01-04-2016,April,2016, ,foreign
Wanaparthy ,01-05-2016,May,2016, ,foreign
Wanaparthy ,01-06-2016,June,2016, ,foreign
Wanaparthy ,01-07-2016,July,2016, ,foreign
Wanaparthy ,01-08-2016,August,2016, ,foreign
Wanaparthy ,01-09-2016,September,2016, ,foreign
Wanaparthy ,01-10-2016,October,2016,0,foreign
Wanaparthy ,01-11-2016,November,2016,0,foreign
Wanaparthy ,01-12-2016,December,2016,0,foreign
Warangal (Rural),01-01-2016,January,2016, ,foreign
Warangal (Rural),01-02-2016,February,2016, ,foreign
Warangal (Rural),01-03-2016,March,2016, ,foreign
Warangal (Rural),01-04-2016,April,2016, ,foreign
Warangal (Rural),01-05-2016,May,2016, ,foreign
Warangal (Rural),01-06-2016,June,2016, ,foreign
Warangal (Rural),01-07-2016,July,2016, ,foreign
Warangal (Rural),01-08-2016,August,2016, ,foreign
Warangal (Rural),01-09-2016,September,2016, ,foreign
Warangal (Rural),01-10-2016,October,2016,0,foreign
Warangal (Rural),01-11-2016,November,2016,0,foreign
Warangal (Rural),01-12-2016,December,2016,0,foreign
Warangal (Urban),01-01-2016,January,2016,459,foreign
Warangal (Urban),01-02-2016,February,2016,391,foreign
Warangal (Urban),01-03-2016,March,2016,230,foreign
Warangal (Urban),01-04-2016,April,2016,39,foreign
Warangal (Urban),01-05-2016,May,2016,82,foreign
Warangal (Urban),01-06-2016,June,2016,88,foreign
Warangal (Urban),01-07-2016,July,2016,53,foreign
Warangal (Urban),01-08-2016,August,2016,102,foreign
Warangal (Urban),01-09-2016,September,2016,118,foreign
Warangal (Urban),01-10-2016,October,2016,108,foreign
Warangal (Urban),01-11-2016,November,2016,97,foreign
Warangal (Urban),01-12-2016,December,2016,132,foreign
Yadadri Bhongir,01-01-2016,January,2016, ,foreign
Yadadri Bhongir,01-02-2016,February,2016, ,foreign
Yadadri Bhongir,01-03-2016,March,2016, ,foreign
Yadadri Bhongir,01-04-2016,April,2016, ,foreign
Yadadri Bhongir,01-05-2016,May,2016, ,foreign
Yadadri Bhongir,01-06-2016,June,2016, ,foreign
Yadadri Bhongir,01-07-2016,July,2016, ,foreign
Yadadri Bhongir,01-08-2016,August,2016, ,foreign
Yadadri Bhongir,01-09-2016,September,2016, ,foreign
Yadadri Bhongir,01-10-2016,October,2016,0,foreign
Yadadri Bhongir,01-11-2016,November,2016,0,foreign
Yadadri Bhongir,01-12-2016,December,2016,0,foreign
Adilabad,01-01-2017,January,2017,5,foreign
Adilabad,01-02-2017,February,2017,0,foreign
Adilabad,01-03-2017,March,2017,0,foreign
Adilabad,01-04-2017,April,2017,0,foreign
Adilabad,01-05-2017,May,2017,0,foreign
Adilabad,01-06-2017,June,2017,3,foreign
Adilabad,01-07-2017,July,2017,0,foreign
Adilabad,01-08-2017,August,2017,0,foreign
Adilabad,01-09-2017,September,2017,3,foreign
Adilabad,01-10-2017,October,2017,0,foreign
Adilabad,01-11-2017,November,2017,0,foreign
Adilabad,01-12-2017,December,2017,0,foreign
Bhadradri Kothagudem ,01-01-2017,January,2017,0,foreign
Bhadradri Kothagudem ,01-02-2017,February,2017,0,foreign
Bhadradri Kothagudem ,01-03-2017,March,2017,0,foreign
Bhadradri Kothagudem ,01-04-2017,April,2017,0,foreign
Bhadradri Kothagudem ,01-05-2017,May,2017,0,foreign
Bhadradri Kothagudem ,01-06-2017,June,2017,0,foreign
Bhadradri Kothagudem ,01-07-2017,July,2017,0,foreign
Bhadradri Kothagudem ,01-08-2017,August,2017,0,foreign
Bhadradri Kothagudem ,01-09-2017,September,2017,0,foreign
Bhadradri Kothagudem ,01-10-2017,October,2017,0,foreign
Bhadradri Kothagudem ,01-11-2017,November,2017,0,foreign
Bhadradri Kothagudem ,01-12-2017,December,2017,0,foreign
Hyderabad,01-01-2017,January,2017,19286,foreign
Hyderabad,01-02-2017,February,2017,18097,foreign
Hyderabad,01-03-2017,March,2017,13875,foreign
Hyderabad,01-04-2017,April,2017,12996,foreign
Hyderabad,01-05-2017,May,2017,12983,foreign
Hyderabad,01-06-2017,June,2017,12486,foreign
Hyderabad,01-07-2017,July,2017,18144,foreign
Hyderabad,01-08-2017,August,2017,16985,foreign
Hyderabad,01-09-2017,September,2017,27856,foreign
Hyderabad,01-10-2017,October,2017,26368,foreign
Hyderabad,01-11-2017,November,2017,29170,foreign
Hyderabad,01-12-2017,December,2017,38933,foreign
Jagtial ,01-01-2017,January,2017,0,foreign
Jagtial ,01-02-2017,February,2017,0,foreign
Jagtial ,01-03-2017,March,2017,0,foreign
Jagtial ,01-04-2017,April,2017,0,foreign
Jagtial ,01-05-2017,May,2017,0,foreign
Jagtial ,01-06-2017,June,2017,0,foreign
Jagtial ,01-07-2017,July,2017,0,foreign
Jagtial ,01-08-2017,August,2017,0,foreign
Jagtial ,01-09-2017,September,2017,0,foreign
Jagtial ,01-10-2017,October,2017,0,foreign
Jagtial ,01-11-2017,November,2017,0,foreign
Jagtial ,01-12-2017,December,2017,0,foreign
Jangaon ,01-01-2017,January,2017,0,foreign
Jangaon ,01-02-2017,February,2017,0,foreign
Jangaon ,01-03-2017,March,2017,0,foreign
Jangaon ,01-04-2017,April,2017,0,foreign
Jangaon ,01-05-2017,May,2017,0,foreign
Jangaon ,01-06-2017,June,2017,0,foreign
Jangaon ,01-07-2017,July,2017,0,foreign
Jangaon ,01-08-2017,August,2017,0,foreign
Jangaon ,01-09-2017,September,2017,0,foreign
Jangaon ,01-10-2017,October,2017,0,foreign
Jangaon ,01-11-2017,November,2017,0,foreign
Jangaon ,01-12-2017,December,2017,0,foreign
Jayashankar Bhoopalpally,01-01-2017,January,2017,85,foreign
Jayashankar Bhoopalpally,01-02-2017,February,2017,38,foreign
Jayashankar Bhoopalpally,01-03-2017,March,2017,35,foreign
Jayashankar Bhoopalpally,01-04-2017,April,2017,36,foreign
Jayashankar Bhoopalpally,01-05-2017,May,2017,40,foreign
Jayashankar Bhoopalpally,01-06-2017,June,2017,35,foreign
Jayashankar Bhoopalpally,01-07-2017,July,2017,42,foreign
Jayashankar Bhoopalpally,01-08-2017,August,2017,45,foreign
Jayashankar Bhoopalpally,01-09-2017,September,2017,56,foreign
Jayashankar Bhoopalpally,01-10-2017,October,2017,55,foreign
Jayashankar Bhoopalpally,01-11-2017,November,2017,58,foreign
Jayashankar Bhoopalpally,01-12-2017,December,2017,57,foreign
Jogulamba Gadwal ,01-01-2017,January,2017,20,foreign
Jogulamba Gadwal ,01-02-2017,February,2017,16,foreign
Jogulamba Gadwal ,01-03-2017,March,2017,32,foreign
Jogulamba Gadwal ,01-04-2017,April,2017,29,foreign
Jogulamba Gadwal ,01-05-2017,May,2017,31,foreign
Jogulamba Gadwal ,01-06-2017,June,2017,32,foreign
Jogulamba Gadwal ,01-07-2017,July,2017,34,foreign
Jogulamba Gadwal ,01-08-2017,August,2017,25,foreign
Jogulamba Gadwal ,01-09-2017,September,2017,42,foreign
Jogulamba Gadwal ,01-10-2017,October,2017,13,foreign
Jogulamba Gadwal ,01-11-2017,November,2017,21,foreign
Jogulamba Gadwal ,01-12-2017,December,2017,10,foreign
Kamareddy ,01-01-2017,January,2017,0,foreign
Kamareddy ,01-02-2017,February,2017,0,foreign
Kamareddy ,01-03-2017,March,2017,0,foreign
Kamareddy ,01-04-2017,April,2017,0,foreign
Kamareddy ,01-05-2017,May,2017,0,foreign
Kamareddy ,01-06-2017,June,2017,0,foreign
Kamareddy ,01-07-2017,July,2017,0,foreign
Kamareddy ,01-08-2017,August,2017,0,foreign
Kamareddy ,01-09-2017,September,2017,0,foreign
Kamareddy ,01-10-2017,October,2017,0,foreign
Kamareddy ,01-11-2017,November,2017,0,foreign
Kamareddy ,01-12-2017,December,2017,0,foreign
Karimnagar ,01-01-2017,January,2017,0,foreign
Karimnagar ,01-02-2017,February,2017,0,foreign
Karimnagar ,01-03-2017,March,2017,0,foreign
Karimnagar ,01-04-2017,April,2017,0,foreign
Karimnagar ,01-05-2017,May,2017,0,foreign
Karimnagar ,01-06-2017,June,2017,0,foreign
Karimnagar ,01-07-2017,July,2017,0,foreign
Karimnagar ,01-08-2017,August,2017,0,foreign
Karimnagar ,01-09-2017,September,2017,0,foreign
Karimnagar ,01-10-2017,October,2017,0,foreign
Karimnagar ,01-11-2017,November,2017,0,foreign
Karimnagar ,01-12-2017,December,2017,0,foreign
Khammam,01-01-2017,January,2017,0,foreign
Khammam,01-02-2017,February,2017,0,foreign
Khammam,01-03-2017,March,2017,0,foreign
Khammam,01-04-2017,April,2017,0,foreign
Khammam,01-05-2017,May,2017,0,foreign
Khammam,01-06-2017,June,2017,0,foreign
Khammam,01-07-2017,July,2017,0,foreign
Khammam,01-08-2017,August,2017,0,foreign
Khammam,01-09-2017,September,2017,0,foreign
Khammam,01-10-2017,October,2017,0,foreign
Khammam,01-11-2017,November,2017,0,foreign
Khammam,01-12-2017,December,2017,0,foreign
Komaram Bheem Asifabad,01-01-2017,January,2017,0,foreign
Komaram Bheem Asifabad,01-02-2017,February,2017,0,foreign
Komaram Bheem Asifabad,01-03-2017,March,2017,0,foreign
Komaram Bheem Asifabad,01-04-2017,April,2017,0,foreign
Komaram Bheem Asifabad,01-05-2017,May,2017,0,foreign
Komaram Bheem Asifabad,01-06-2017,June,2017, ,foreign
Komaram Bheem Asifabad,01-07-2017,July,2017,0,foreign
Komaram Bheem Asifabad,01-08-2017,August,2017,0,foreign
Komaram Bheem Asifabad,01-09-2017,September,2017,0,foreign
Komaram Bheem Asifabad,01-10-2017,October,2017,0,foreign
Komaram Bheem Asifabad,01-11-2017,November,2017,0,foreign
Komaram Bheem Asifabad,01-12-2017,December,2017,0,foreign
Mahabubabad ,01-01-2017,January,2017,0,foreign
Mahabubabad ,01-02-2017,February,2017,0,foreign
Mahabubabad ,01-03-2017,March,2017,0,foreign
Mahabubabad ,01-04-2017,April,2017,0,foreign
Mahabubabad ,01-05-2017,May,2017,0,foreign
Mahabubabad ,01-06-2017,June,2017,0,foreign
Mahabubabad ,01-07-2017,July,2017,0,foreign
Mahabubabad ,01-08-2017,August,2017,0,foreign
Mahabubabad ,01-09-2017,September,2017,0,foreign
Mahabubabad ,01-10-2017,October,2017,0,foreign
Mahabubabad ,01-11-2017,November,2017,0,foreign
Mahabubabad ,01-12-2017,December,2017,0,foreign
Mahbubnagar,01-01-2017,January,2017,42,foreign
Mahbubnagar,01-02-2017,February,2017,39,foreign
Mahbubnagar,01-03-2017,March,2017,38,foreign
Mahbubnagar,01-04-2017,April,2017,39,foreign
Mahbubnagar,01-05-2017,May,2017,41,foreign
Mahbubnagar,01-06-2017,June,2017,43,foreign
Mahbubnagar,01-07-2017,July,2017,42,foreign
Mahbubnagar,01-08-2017,August,2017,44,foreign
Mahbubnagar,01-09-2017,September,2017,54,foreign
Mahbubnagar,01-10-2017,October,2017,47,foreign
Mahbubnagar,01-11-2017,November,2017,49,foreign
Mahbubnagar,01-12-2017,December,2017,42,foreign
Mancherial,01-01-2017,January,2017,0,foreign
Mancherial,01-02-2017,February,2017,0,foreign
Mancherial,01-03-2017,March,2017,0,foreign
Mancherial,01-04-2017,April,2017,0,foreign
Mancherial,01-05-2017,May,2017,0,foreign
Mancherial,01-06-2017,June,2017, ,foreign
Mancherial,01-07-2017,July,2017,0,foreign
Mancherial,01-08-2017,August,2017,0,foreign
Mancherial,01-09-2017,September,2017,0,foreign
Mancherial,01-10-2017,October,2017,0,foreign
Mancherial,01-11-2017,November,2017,0,foreign
Mancherial,01-12-2017,December,2017,0,foreign
Medak ,01-01-2017,January,2017,0,foreign
Medak ,01-02-2017,February,2017,0,foreign
Medak ,01-03-2017,March,2017,0,foreign
Medak ,01-04-2017,April,2017,0,foreign
Medak ,01-05-2017,May,2017,0,foreign
Medak ,01-06-2017,June,2017,0,foreign
Medak ,01-07-2017,July,2017,0,foreign
Medak ,01-08-2017,August,2017,0,foreign
Medak ,01-09-2017,September,2017,0,foreign
Medak ,01-10-2017,October,2017,0,foreign
Medak ,01-11-2017,November,2017,0,foreign
Medak ,01-12-2017,December,2017,0,foreign
Medchal ,01-01-2017,January,2017, ,foreign
Medchal ,01-02-2017,February,2017, ,foreign
Medchal ,01-03-2017,March,2017, ,foreign
Medchal ,01-04-2017,April,2017, ,foreign
Medchal ,01-05-2017,May,2017, ,foreign
Medchal ,01-06-2017,June,2017, ,foreign
Medchal ,01-07-2017,July,2017, ,foreign
Medchal ,01-08-2017,August,2017, ,foreign
Medchal ,01-09-2017,September,2017, ,foreign
Medchal ,01-10-2017,October,2017, ,foreign
Medchal ,01-11-2017,November,2017, ,foreign
Medchal ,01-12-2017,December,2017, ,foreign
Nagarkurnool ,01-01-2017,January,2017,19,foreign
Nagarkurnool ,01-02-2017,February,2017,25,foreign
Nagarkurnool ,01-03-2017,March,2017,24,foreign
Nagarkurnool ,01-04-2017,April,2017,29,foreign
Nagarkurnool ,01-05-2017,May,2017,31,foreign
Nagarkurnool ,01-06-2017,June,2017,35,foreign
Nagarkurnool ,01-07-2017,July,2017,25,foreign
Nagarkurnool ,01-08-2017,August,2017,23,foreign
Nagarkurnool ,01-09-2017,September,2017,32,foreign
Nagarkurnool ,01-10-2017,October,2017,18,foreign
Nagarkurnool ,01-11-2017,November,2017,21,foreign
Nagarkurnool ,01-12-2017,December,2017,29,foreign
Nalgonda,01-01-2017,January,2017,0,foreign
Nalgonda,01-02-2017,February,2017,0,foreign
Nalgonda,01-03-2017,March,2017,0,foreign
Nalgonda,01-04-2017,April,2017,0,foreign
Nalgonda,01-05-2017,May,2017,0,foreign
Nalgonda,01-06-2017,June,2017,0,foreign
Nalgonda,01-07-2017,July,2017,0,foreign
Nalgonda,01-08-2017,August,2017,0,foreign
Nalgonda,01-09-2017,September,2017,0,foreign
Nalgonda,01-10-2017,October,2017,0,foreign
Nalgonda,01-11-2017,November,2017,0,foreign
Nalgonda,01-12-2017,December,2017,0,foreign
Nirmal,01-01-2017,January,2017,0,foreign
Nirmal,01-02-2017,February,2017,0,foreign
Nirmal,01-03-2017,March,2017,0,foreign
Nirmal,01-04-2017,April,2017,0,foreign
Nirmal,01-05-2017,May,2017,0,foreign
Nirmal,01-06-2017,June,2017, ,foreign
Nirmal,01-07-2017,July,2017,0,foreign
Nirmal,01-08-2017,August,2017,0,foreign
Nirmal,01-09-2017,September,2017,0,foreign
Nirmal,01-10-2017,October,2017,0,foreign
Nirmal,01-11-2017,November,2017,0,foreign
Nirmal,01-12-2017,December,2017,0,foreign
Nizamabad,01-01-2017,January,2017,0,foreign
Nizamabad,01-02-2017,February,2017,0,foreign
Nizamabad,01-03-2017,March,2017,0,foreign
Nizamabad,01-04-2017,April,2017,2,foreign
Nizamabad,01-05-2017,May,2017,0,foreign
Nizamabad,01-06-2017,June,2017,0,foreign
Nizamabad,01-07-2017,July,2017,0,foreign
Nizamabad,01-08-2017,August,2017,0,foreign
Nizamabad,01-09-2017,September,2017,0,foreign
Nizamabad,01-10-2017,October,2017,0,foreign
Nizamabad,01-11-2017,November,2017,0,foreign
Nizamabad,01-12-2017,December,2017,0,foreign
Peddapalli,01-01-2017,January,2017,0,foreign
Peddapalli,01-02-2017,February,2017,0,foreign
Peddapalli,01-03-2017,March,2017,0,foreign
Peddapalli,01-04-2017,April,2017,0,foreign
Peddapalli,01-05-2017,May,2017,0,foreign
Peddapalli,01-06-2017,June,2017,0,foreign
Peddapalli,01-07-2017,July,2017,0,foreign
Peddapalli,01-08-2017,August,2017,0,foreign
Peddapalli,01-09-2017,September,2017,0,foreign
Peddapalli,01-10-2017,October,2017,0,foreign
Peddapalli,01-11-2017,November,2017,0,foreign
Peddapalli,01-12-2017,December,2017,0,foreign
Rajanna Sircilla ,01-01-2017,January,2017,0,foreign
Rajanna Sircilla ,01-02-2017,February,2017,0,foreign
Rajanna Sircilla ,01-03-2017,March,2017,0,foreign
Rajanna Sircilla ,01-04-2017,April,2017,0,foreign
Rajanna Sircilla ,01-05-2017,May,2017,0,foreign
Rajanna Sircilla ,01-06-2017,June,2017,0,foreign
Rajanna Sircilla ,01-07-2017,July,2017,0,foreign
Rajanna Sircilla ,01-08-2017,August,2017,0,foreign
Rajanna Sircilla ,01-09-2017,September,2017,0,foreign
Rajanna Sircilla ,01-10-2017,October,2017,0,foreign
Rajanna Sircilla ,01-11-2017,November,2017,0,foreign
Rajanna Sircilla ,01-12-2017,December,2017,0,foreign
Ranga Reddy,01-01-2017,January,2017, ,foreign
Ranga Reddy,01-02-2017,February,2017, ,foreign
Ranga Reddy,01-03-2017,March,2017, ,foreign
Ranga Reddy,01-04-2017,April,2017, ,foreign
Ranga Reddy,01-05-2017,May,2017, ,foreign
Ranga Reddy,01-06-2017,June,2017, ,foreign
Ranga Reddy,01-07-2017,July,2017, ,foreign
Ranga Reddy,01-08-2017,August,2017, ,foreign
Ranga Reddy,01-09-2017,September,2017, ,foreign
Ranga Reddy,01-10-2017,October,2017, ,foreign
Ranga Reddy,01-11-2017,November,2017, ,foreign
Ranga Reddy,01-12-2017,December,2017, ,foreign
Sangareddy ,01-01-2017,January,2017,0,foreign
Sangareddy ,01-02-2017,February,2017,0,foreign
Sangareddy ,01-03-2017,March,2017,0,foreign
Sangareddy ,01-04-2017,April,2017,0,foreign
Sangareddy ,01-05-2017,May,2017,0,foreign
Sangareddy ,01-06-2017,June,2017,0,foreign
Sangareddy ,01-07-2017,July,2017,0,foreign
Sangareddy ,01-08-2017,August,2017,0,foreign
Sangareddy ,01-09-2017,September,2017,0,foreign
Sangareddy ,01-10-2017,October,2017,0,foreign
Sangareddy ,01-11-2017,November,2017,0,foreign
Sangareddy ,01-12-2017,December,2017,0,foreign
Siddipet,01-01-2017,January,2017,0,foreign
Siddipet,01-02-2017,February,2017,0,foreign
Siddipet,01-03-2017,March,2017,0,foreign
Siddipet,01-04-2017,April,2017,0,foreign
Siddipet,01-05-2017,May,2017,0,foreign
Siddipet,01-06-2017,June,2017,0,foreign
Siddipet,01-07-2017,July,2017,0,foreign
Siddipet,01-08-2017,August,2017,0,foreign
Siddipet,01-09-2017,September,2017,0,foreign
Siddipet,01-10-2017,October,2017,0,foreign
Siddipet,01-11-2017,November,2017,0,foreign
Siddipet,01-12-2017,December,2017,0,foreign
Suryapet,01-01-2017,January,2017,0,foreign
Suryapet,01-02-2017,February,2017,0,foreign
Suryapet,01-03-2017,March,2017,0,foreign
Suryapet,01-04-2017,April,2017,0,foreign
Suryapet,01-05-2017,May,2017,0,foreign
Suryapet,01-06-2017,June,2017,0,foreign
Suryapet,01-07-2017,July,2017,0,foreign
Suryapet,01-08-2017,August,2017,0,foreign
Suryapet,01-09-2017,September,2017,0,foreign
Suryapet,01-10-2017,October,2017,0,foreign
Suryapet,01-11-2017,November,2017,0,foreign
Suryapet,01-12-2017,December,2017,0,foreign
Vikarabad,01-01-2017,January,2017, ,foreign
Vikarabad,01-02-2017,February,2017, ,foreign
Vikarabad,01-03-2017,March,2017, ,foreign
Vikarabad,01-04-2017,April,2017, ,foreign
Vikarabad,01-05-2017,May,2017, ,foreign
Vikarabad,01-06-2017,June,2017, ,foreign
Vikarabad,01-07-2017,July,2017, ,foreign
Vikarabad,01-08-2017,August,2017, ,foreign
Vikarabad,01-09-2017,September,2017, ,foreign
Vikarabad,01-10-2017,October,2017, ,foreign
Vikarabad,01-11-2017,November,2017, ,foreign
Vikarabad,01-12-2017,December,2017, ,foreign
Wanaparthy ,01-01-2017,January,2017,0,foreign
Wanaparthy ,01-02-2017,February,2017,0,foreign
Wanaparthy ,01-03-2017,March,2017,0,foreign
Wanaparthy ,01-04-2017,April,2017,0,foreign
Wanaparthy ,01-05-2017,May,2017,0,foreign
Wanaparthy ,01-06-2017,June,2017,0,foreign
Wanaparthy ,01-07-2017,July,2017,0,foreign
Wanaparthy ,01-08-2017,August,2017,0,foreign
Wanaparthy ,01-09-2017,September,2017,0,foreign
Wanaparthy ,01-10-2017,October,2017,0,foreign
Wanaparthy ,01-11-2017,November,2017,0,foreign
Wanaparthy ,01-12-2017,December,2017,0,foreign
Warangal (Rural),01-01-2017,January,2017,35,foreign
Warangal (Rural),01-02-2017,February,2017,25,foreign
Warangal (Rural),01-03-2017,March,2017,17,foreign
Warangal (Rural),01-04-2017,April,2017,19,foreign
Warangal (Rural),01-05-2017,May,2017,21,foreign
Warangal (Rural),01-06-2017,June,2017,24,foreign
Warangal (Rural),01-07-2017,July,2017,25,foreign
Warangal (Rural),01-08-2017,August,2017,28,foreign
Warangal (Rural),01-09-2017,September,2017,26,foreign
Warangal (Rural),01-10-2017,October,2017,25,foreign
Warangal (Rural),01-11-2017,November,2017,29,foreign
Warangal (Rural),01-12-2017,December,2017,32,foreign
Warangal (Urban),01-01-2017,January,2017,235,foreign
Warangal (Urban),01-02-2017,February,2017,242,foreign
Warangal (Urban),01-03-2017,March,2017,238,foreign
Warangal (Urban),01-04-2017,April,2017,209,foreign
Warangal (Urban),01-05-2017,May,2017,211,foreign
Warangal (Urban),01-06-2017,June,2017,194,foreign
Warangal (Urban),01-07-2017,July,2017,116,foreign
Warangal (Urban),01-08-2017,August,2017,219,foreign
Warangal (Urban),01-09-2017,September,2017,225,foreign
Warangal (Urban),01-10-2017,October,2017,236,foreign
Warangal (Urban),01-11-2017,November,2017,255,foreign
Warangal (Urban),01-12-2017,December,2017,250,foreign
Yadadri Bhongir,01-01-2017,January,2017,0,foreign
Yadadri Bhongir,01-02-2017,February,2017,0,foreign
Yadadri Bhongir,01-03-2017,March,2017,0,foreign
Yadadri Bhongir,01-04-2017,April,2017,0,foreign
Yadadri Bhongir,01-05-2017,May,2017,0,foreign
Yadadri Bhongir,01-06-2017,June,2017,0,foreign
Yadadri Bhongir,01-07-2017,July,2017,0,foreign
Yadadri Bhongir,01-08-2017,August,2017,0,foreign
Yadadri Bhongir,01-09-2017,September,2017,0,foreign
Yadadri Bhongir,01-10-2017,October,2017,0,foreign
Yadadri Bhongir,01-11-2017,November,2017,0,foreign
Yadadri Bhongir,01-12-2017,December,2017,0,foreign
Adilabad,01-01-2018,January,2018,0,foreign
Adilabad,01-02-2018,February,2018,0,foreign
Adilabad,01-03-2018,March,2018,0,foreign
Adilabad,01-04-2018,April,2018,0,foreign
Adilabad,01-05-2018,May,2018,0,foreign
Adilabad,01-06-2018,June,2018,0,foreign
Adilabad,01-07-2018,July,2018,2,foreign
Adilabad,01-08-2018,August,2018,3,foreign
Adilabad,01-09-2018,September,2018,0,foreign
Adilabad,01-10-2018,October,2018,0,foreign
Adilabad,01-11-2018,November,2018,0,foreign
Adilabad,01-12-2018,December,2018,0,foreign
Bhadradri Kothagudem ,01-01-2018,January,2018,0,foreign
Bhadradri Kothagudem ,01-02-2018,February,2018,0,foreign
Bhadradri Kothagudem ,01-03-2018,March,2018,0,foreign
Bhadradri Kothagudem ,01-04-2018,April,2018,0,foreign
Bhadradri Kothagudem ,01-05-2018,May,2018,0,foreign
Bhadradri Kothagudem ,01-06-2018,June,2018,0,foreign
Bhadradri Kothagudem ,01-07-2018,July,2018,0,foreign
Bhadradri Kothagudem ,01-08-2018,August,2018,0,foreign
Bhadradri Kothagudem ,01-09-2018,September,2018,0,foreign
Bhadradri Kothagudem ,01-10-2018,October,2018,0,foreign
Bhadradri Kothagudem ,01-11-2018,November,2018,0,foreign
Bhadradri Kothagudem ,01-12-2018,December,2018,0,foreign
Hyderabad,01-01-2018,January,2018,35379,foreign
Hyderabad,01-02-2018,February,2018,30414,foreign
Hyderabad,01-03-2018,March,2018,27535,foreign
Hyderabad,01-04-2018,April,2018,20830,foreign
Hyderabad,01-05-2018,May,2018,21554,foreign
Hyderabad,01-06-2018,June,2018,24677,foreign
Hyderabad,01-07-2018,July,2018,17456,foreign
Hyderabad,01-08-2018,August,2018,31217,foreign
Hyderabad,01-09-2018,September,2018,22809,foreign
Hyderabad,01-10-2018,October,2018,30072,foreign
Hyderabad,01-11-2018,November,2018,23487,foreign
Hyderabad,01-12-2018,December,2018,29358,foreign
Jagtial ,01-01-2018,January,2018,0,foreign
Jagtial ,01-02-2018,February,2018,0,foreign
Jagtial ,01-03-2018,March,2018,0,foreign
Jagtial ,01-04-2018,April,2018,0,foreign
Jagtial ,01-05-2018,May,2018,0,foreign
Jagtial ,01-06-2018,June,2018,0,foreign
Jagtial ,01-07-2018,July,2018,0,foreign
Jagtial ,01-08-2018,August,2018,0,foreign
Jagtial ,01-09-2018,September,2018,0,foreign
Jagtial ,01-10-2018,October,2018,0,foreign
Jagtial ,01-11-2018,November,2018,0,foreign
Jagtial ,01-12-2018,December,2018,0,foreign
Jangaon ,01-01-2018,January,2018,0,foreign
Jangaon ,01-02-2018,February,2018,0,foreign
Jangaon ,01-03-2018,March,2018,0,foreign
Jangaon ,01-04-2018,April,2018,0,foreign
Jangaon ,01-05-2018,May,2018,0,foreign
Jangaon ,01-06-2018,June,2018,0,foreign
Jangaon ,01-07-2018,July,2018,0,foreign
Jangaon ,01-08-2018,August,2018,0,foreign
Jangaon ,01-09-2018,September,2018,0,foreign
Jangaon ,01-10-2018,October,2018,0,foreign
Jangaon ,01-11-2018,November,2018,0,foreign
Jangaon ,01-12-2018,December,2018,0,foreign
Jayashankar Bhoopalpally,01-01-2018,January,2018,50,foreign
Jayashankar Bhoopalpally,01-02-2018,February,2018,60,foreign
Jayashankar Bhoopalpally,01-03-2018,March,2018,70,foreign
Jayashankar Bhoopalpally,01-04-2018,April,2018,45,foreign
Jayashankar Bhoopalpally,01-05-2018,May,2018,40,foreign
Jayashankar Bhoopalpally,01-06-2018,June,2018,35,foreign
Jayashankar Bhoopalpally,01-07-2018,July,2018,40,foreign
Jayashankar Bhoopalpally,01-08-2018,August,2018,35,foreign
Jayashankar Bhoopalpally,01-09-2018,September,2018,40,foreign
Jayashankar Bhoopalpally,01-10-2018,October,2018,40,foreign
Jayashankar Bhoopalpally,01-11-2018,November,2018,40,foreign
Jayashankar Bhoopalpally,01-12-2018,December,2018,44,foreign
Jogulamba Gadwal ,01-01-2018,January,2018,36,foreign
Jogulamba Gadwal ,01-02-2018,February,2018,6,foreign
Jogulamba Gadwal ,01-03-2018,March,2018,22,foreign
Jogulamba Gadwal ,01-04-2018,April,2018,15,foreign
Jogulamba Gadwal ,01-05-2018,May,2018,19,foreign
Jogulamba Gadwal ,01-06-2018,June,2018,19,foreign
Jogulamba Gadwal ,01-07-2018,July,2018,37,foreign
Jogulamba Gadwal ,01-08-2018,August,2018,42,foreign
Jogulamba Gadwal ,01-09-2018,September,2018,35,foreign
Jogulamba Gadwal ,01-10-2018,October,2018,13,foreign
Jogulamba Gadwal ,01-11-2018,November,2018,45,foreign
Jogulamba Gadwal ,01-12-2018,December,2018,11,foreign
Kamareddy ,01-01-2018,January,2018,0,foreign
Kamareddy ,01-02-2018,February,2018,0,foreign
Kamareddy ,01-03-2018,March,2018,0,foreign
Kamareddy ,01-04-2018,April,2018,0,foreign
Kamareddy ,01-05-2018,May,2018,0,foreign
Kamareddy ,01-06-2018,June,2018,0,foreign
Kamareddy ,01-07-2018,July,2018,0,foreign
Kamareddy ,01-08-2018,August,2018, ,foreign
Kamareddy ,01-09-2018,September,2018, ,foreign
Kamareddy ,01-10-2018,October,2018,0,foreign
Kamareddy ,01-11-2018,November,2018,0,foreign
Kamareddy ,01-12-2018,December,2018,0,foreign
Karimnagar ,01-01-2018,January,2018,0,foreign
Karimnagar ,01-02-2018,February,2018,0,foreign
Karimnagar ,01-03-2018,March,2018,0,foreign
Karimnagar ,01-04-2018,April,2018,0,foreign
Karimnagar ,01-05-2018,May,2018,0,foreign
Karimnagar ,01-06-2018,June,2018,0,foreign
Karimnagar ,01-07-2018,July,2018,0,foreign
Karimnagar ,01-08-2018,August,2018,0,foreign
Karimnagar ,01-09-2018,September,2018,0,foreign
Karimnagar ,01-10-2018,October,2018,0,foreign
Karimnagar ,01-11-2018,November,2018,0,foreign
Karimnagar ,01-12-2018,December,2018,0,foreign
Khammam,01-01-2018,January,2018,0,foreign
Khammam,01-02-2018,February,2018,0,foreign
Khammam,01-03-2018,March,2018,0,foreign
Khammam,01-04-2018,April,2018,0,foreign
Khammam,01-05-2018,May,2018,0,foreign
Khammam,01-06-2018,June,2018,0,foreign
Khammam,01-07-2018,July,2018,0,foreign
Khammam,01-08-2018,August,2018,0,foreign
Khammam,01-09-2018,September,2018,0,foreign
Khammam,01-10-2018,October,2018,0,foreign
Khammam,01-11-2018,November,2018,0,foreign
Khammam,01-12-2018,December,2018,0,foreign
Komaram Bheem Asifabad,01-01-2018,January,2018,0,foreign
Komaram Bheem Asifabad,01-02-2018,February,2018,0,foreign
Komaram Bheem Asifabad,01-03-2018,March,2018,0,foreign
Komaram Bheem Asifabad,01-04-2018,April,2018,0,foreign
Komaram Bheem Asifabad,01-05-2018,May,2018,0,foreign
Komaram Bheem Asifabad,01-06-2018,June,2018,0,foreign
Komaram Bheem Asifabad,01-07-2018,July,2018,0,foreign
Komaram Bheem Asifabad,01-08-2018,August,2018,0,foreign
Komaram Bheem Asifabad,01-09-2018,September,2018,0,foreign
Komaram Bheem Asifabad,01-10-2018,October,2018,0,foreign
Komaram Bheem Asifabad,01-11-2018,November,2018,0,foreign
Komaram Bheem Asifabad,01-12-2018,December,2018,0,foreign
Mahabubabad ,01-01-2018,January,2018,0,foreign
Mahabubabad ,01-02-2018,February,2018,0,foreign
Mahabubabad ,01-03-2018,March,2018,0,foreign
Mahabubabad ,01-04-2018,April,2018,0,foreign
Mahabubabad ,01-05-2018,May,2018,0,foreign
Mahabubabad ,01-06-2018,June,2018,0,foreign
Mahabubabad ,01-07-2018,July,2018,0,foreign
Mahabubabad ,01-08-2018,August,2018,0,foreign
Mahabubabad ,01-09-2018,September,2018,0,foreign
Mahabubabad ,01-10-2018,October,2018,0,foreign
Mahabubabad ,01-11-2018,November,2018,0,foreign
Mahabubabad ,01-12-2018,December,2018,0,foreign
Mahbubnagar,01-01-2018,January,2018,45,foreign
Mahbubnagar,01-02-2018,February,2018,29,foreign
Mahbubnagar,01-03-2018,March,2018,28,foreign
Mahbubnagar,01-04-2018,April,2018,26,foreign
Mahbubnagar,01-05-2018,May,2018,26,foreign
Mahbubnagar,01-06-2018,June,2018,26,foreign
Mahbubnagar,01-07-2018,July,2018,47,foreign
Mahbubnagar,01-08-2018,August,2018,44,foreign
Mahbubnagar,01-09-2018,September,2018,52,foreign
Mahbubnagar,01-10-2018,October,2018,37,foreign
Mahbubnagar,01-11-2018,November,2018,68,foreign
Mahbubnagar,01-12-2018,December,2018,26,foreign
Mancherial,01-01-2018,January,2018,0,foreign
Mancherial,01-02-2018,February,2018,0,foreign
Mancherial,01-03-2018,March,2018,0,foreign
Mancherial,01-04-2018,April,2018,0,foreign
Mancherial,01-05-2018,May,2018,0,foreign
Mancherial,01-06-2018,June,2018,0,foreign
Mancherial,01-07-2018,July,2018,0,foreign
Mancherial,01-08-2018,August,2018,0,foreign
Mancherial,01-09-2018,September,2018,0,foreign
Mancherial,01-10-2018,October,2018,0,foreign
Mancherial,01-11-2018,November,2018,0,foreign
Mancherial,01-12-2018,December,2018,0,foreign
Medak ,01-01-2018,January,2018,0,foreign
Medak ,01-02-2018,February,2018,0,foreign
Medak ,01-03-2018,March,2018,0,foreign
Medak ,01-04-2018,April,2018,0,foreign
Medak ,01-05-2018,May,2018,0,foreign
Medak ,01-06-2018,June,2018,0,foreign
Medak ,01-07-2018,July,2018,0,foreign
Medak ,01-08-2018,August,2018,0,foreign
Medak ,01-09-2018,September,2018,0,foreign
Medak ,01-10-2018,October,2018,0,foreign
Medak ,01-11-2018,November,2018,0,foreign
Medak ,01-12-2018,December,2018,0,foreign
Medchal ,01-01-2018,January,2018, ,foreign
Medchal ,01-02-2018,February,2018, ,foreign
Medchal ,01-03-2018,March,2018, ,foreign
Medchal ,01-04-2018,April,2018, ,foreign
Medchal ,01-05-2018,May,2018, ,foreign
Medchal ,01-06-2018,June,2018, ,foreign
Medchal ,01-07-2018,July,2018, ,foreign
Medchal ,01-08-2018,August,2018, ,foreign
Medchal ,01-09-2018,September,2018, ,foreign
Medchal ,01-10-2018,October,2018, ,foreign
Medchal ,01-11-2018,November,2018, ,foreign
Medchal ,01-12-2018,December,2018, ,foreign
Nagarkurnool ,01-01-2018,January,2018,35,foreign
Nagarkurnool ,01-02-2018,February,2018,15,foreign
Nagarkurnool ,01-03-2018,March,2018,14,foreign
Nagarkurnool ,01-04-2018,April,2018,15,foreign
Nagarkurnool ,01-05-2018,May,2018,19,foreign
Nagarkurnool ,01-06-2018,June,2018,15,foreign
Nagarkurnool ,01-07-2018,July,2018,17,foreign
Nagarkurnool ,01-08-2018,August,2018,22,foreign
Nagarkurnool ,01-09-2018,September,2018,22,foreign
Nagarkurnool ,01-10-2018,October,2018,8,foreign
Nagarkurnool ,01-11-2018,November,2018,30,foreign
Nagarkurnool ,01-12-2018,December,2018,10,foreign
Nalgonda,01-01-2018,January,2018,0,foreign
Nalgonda,01-02-2018,February,2018,0,foreign
Nalgonda,01-03-2018,March,2018,0,foreign
Nalgonda,01-04-2018,April,2018,0,foreign
Nalgonda,01-05-2018,May,2018,0,foreign
Nalgonda,01-06-2018,June,2018,0,foreign
Nalgonda,01-07-2018,July,2018,0,foreign
Nalgonda,01-08-2018,August,2018,0,foreign
Nalgonda,01-09-2018,September,2018,0,foreign
Nalgonda,01-10-2018,October,2018,0,foreign
Nalgonda,01-11-2018,November,2018,0,foreign
Nalgonda,01-12-2018,December,2018,0,foreign
Nirmal,01-01-2018,January,2018,0,foreign
Nirmal,01-02-2018,February,2018,0,foreign
Nirmal,01-03-2018,March,2018,0,foreign
Nirmal,01-04-2018,April,2018,0,foreign
Nirmal,01-05-2018,May,2018,0,foreign
Nirmal,01-06-2018,June,2018,0,foreign
Nirmal,01-07-2018,July,2018,0,foreign
Nirmal,01-08-2018,August,2018,2,foreign
Nirmal,01-09-2018,September,2018,0,foreign
Nirmal,01-10-2018,October,2018,0,foreign
Nirmal,01-11-2018,November,2018,0,foreign
Nirmal,01-12-2018,December,2018,0,foreign
Nizamabad,01-01-2018,January,2018,1,foreign
Nizamabad,01-02-2018,February,2018,0,foreign
Nizamabad,01-03-2018,March,2018,0,foreign
Nizamabad,01-04-2018,April,2018,0,foreign
Nizamabad,01-05-2018,May,2018,0,foreign
Nizamabad,01-06-2018,June,2018,0,foreign
Nizamabad,01-07-2018,July,2018,1,foreign
Nizamabad,01-08-2018,August,2018,0,foreign
Nizamabad,01-09-2018,September,2018,0,foreign
Nizamabad,01-10-2018,October,2018,0,foreign
Nizamabad,01-11-2018,November,2018,0,foreign
Nizamabad,01-12-2018,December,2018,0,foreign
Peddapalli,01-01-2018,January,2018,0,foreign
Peddapalli,01-02-2018,February,2018,0,foreign
Peddapalli,01-03-2018,March,2018,0,foreign
Peddapalli,01-04-2018,April,2018,0,foreign
Peddapalli,01-05-2018,May,2018,0,foreign
Peddapalli,01-06-2018,June,2018,0,foreign
Peddapalli,01-07-2018,July,2018,0,foreign
Peddapalli,01-08-2018,August,2018,0,foreign
Peddapalli,01-09-2018,September,2018,0,foreign
Peddapalli,01-10-2018,October,2018,0,foreign
Peddapalli,01-11-2018,November,2018,0,foreign
Peddapalli,01-12-2018,December,2018,0,foreign
Rajanna Sircilla ,01-01-2018,January,2018,0,foreign
Rajanna Sircilla ,01-02-2018,February,2018,0,foreign
Rajanna Sircilla ,01-03-2018,March,2018,0,foreign
Rajanna Sircilla ,01-04-2018,April,2018,0,foreign
Rajanna Sircilla ,01-05-2018,May,2018,0,foreign
Rajanna Sircilla ,01-06-2018,June,2018,0,foreign
Rajanna Sircilla ,01-07-2018,July,2018,0,foreign
Rajanna Sircilla ,01-08-2018,August,2018,0,foreign
Rajanna Sircilla ,01-09-2018,September,2018,0,foreign
Rajanna Sircilla ,01-10-2018,October,2018,0,foreign
Rajanna Sircilla ,01-11-2018,November,2018,0,foreign
Rajanna Sircilla ,01-12-2018,December,2018,0,foreign
Ranga Reddy,01-01-2018,January,2018, ,foreign
Ranga Reddy,01-02-2018,February,2018, ,foreign
Ranga Reddy,01-03-2018,March,2018, ,foreign
Ranga Reddy,01-04-2018,April,2018, ,foreign
Ranga Reddy,01-05-2018,May,2018, ,foreign
Ranga Reddy,01-06-2018,June,2018, ,foreign
Ranga Reddy,01-07-2018,July,2018, ,foreign
Ranga Reddy,01-08-2018,August,2018, ,foreign
Ranga Reddy,01-09-2018,September,2018, ,foreign
Ranga Reddy,01-10-2018,October,2018, ,foreign
Ranga Reddy,01-11-2018,November,2018, ,foreign
Ranga Reddy,01-12-2018,December,2018, ,foreign
Sangareddy ,01-01-2018,January,2018,0,foreign
Sangareddy ,01-02-2018,February,2018,0,foreign
Sangareddy ,01-03-2018,March,2018,0,foreign
Sangareddy ,01-04-2018,April,2018,0,foreign
Sangareddy ,01-05-2018,May,2018,0,foreign
Sangareddy ,01-06-2018,June,2018,0,foreign
Sangareddy ,01-07-2018,July,2018,0,foreign
Sangareddy ,01-08-2018,August,2018,0,foreign
Sangareddy ,01-09-2018,September,2018,0,foreign
Sangareddy ,01-10-2018,October,2018,0,foreign
Sangareddy ,01-11-2018,November,2018,0,foreign
Sangareddy ,01-12-2018,December,2018,0,foreign
Siddipet,01-01-2018,January,2018,0,foreign
Siddipet,01-02-2018,February,2018,0,foreign
Siddipet,01-03-2018,March,2018,0,foreign
Siddipet,01-04-2018,April,2018,0,foreign
Siddipet,01-05-2018,May,2018,0,foreign
Siddipet,01-06-2018,June,2018,0,foreign
Siddipet,01-07-2018,July,2018,0,foreign
Siddipet,01-08-2018,August,2018,0,foreign
Siddipet,01-09-2018,September,2018,0,foreign
Siddipet,01-10-2018,October,2018,0,foreign
Siddipet,01-11-2018,November,2018,0,foreign
Siddipet,01-12-2018,December,2018,0,foreign
Suryapet,01-01-2018,January,2018,0,foreign
Suryapet,01-02-2018,February,2018,0,foreign
Suryapet,01-03-2018,March,2018,0,foreign
Suryapet,01-04-2018,April,2018,0,foreign
Suryapet,01-05-2018,May,2018,0,foreign
Suryapet,01-06-2018,June,2018,0,foreign
Suryapet,01-07-2018,July,2018,0,foreign
Suryapet,01-08-2018,August,2018,0,foreign
Suryapet,01-09-2018,September,2018,0,foreign
Suryapet,01-10-2018,October,2018,0,foreign
Suryapet,01-11-2018,November,2018,0,foreign
Suryapet,01-12-2018,December,2018,0,foreign
Vikarabad,01-01-2018,January,2018, ,foreign
Vikarabad,01-02-2018,February,2018, ,foreign
Vikarabad,01-03-2018,March,2018, ,foreign
Vikarabad,01-04-2018,April,2018, ,foreign
Vikarabad,01-05-2018,May,2018, ,foreign
Vikarabad,01-06-2018,June,2018, ,foreign
Vikarabad,01-07-2018,July,2018, ,foreign
Vikarabad,01-08-2018,August,2018, ,foreign
Vikarabad,01-09-2018,September,2018, ,foreign
Vikarabad,01-10-2018,October,2018, ,foreign
Vikarabad,01-11-2018,November,2018, ,foreign
Vikarabad,01-12-2018,December,2018, ,foreign
Wanaparthy ,01-01-2018,January,2018,0,foreign
Wanaparthy ,01-02-2018,February,2018,0,foreign
Wanaparthy ,01-03-2018,March,2018,0,foreign
Wanaparthy ,01-04-2018,April,2018,0,foreign
Wanaparthy ,01-05-2018,May,2018,0,foreign
Wanaparthy ,01-06-2018,June,2018,0,foreign
Wanaparthy ,01-07-2018,July,2018,0,foreign
Wanaparthy ,01-08-2018,August,2018,0,foreign
Wanaparthy ,01-09-2018,September,2018,0,foreign
Wanaparthy ,01-10-2018,October,2018,0,foreign
Wanaparthy ,01-11-2018,November,2018,0,foreign
Wanaparthy ,01-12-2018,December,2018,0,foreign
Warangal (Rural),01-01-2018,January,2018,0,foreign
Warangal (Rural),01-02-2018,February,2018,0,foreign
Warangal (Rural),01-03-2018,March,2018,0,foreign
Warangal (Rural),01-04-2018,April,2018,0,foreign
Warangal (Rural),01-05-2018,May,2018,0,foreign
Warangal (Rural),01-06-2018,June,2018,0,foreign
Warangal (Rural),01-07-2018,July,2018,0,foreign
Warangal (Rural),01-08-2018,August,2018,0,foreign
Warangal (Rural),01-09-2018,September,2018,0,foreign
Warangal (Rural),01-10-2018,October,2018,0,foreign
Warangal (Rural),01-11-2018,November,2018,0,foreign
Warangal (Rural),01-12-2018,December,2018,0,foreign
Warangal (Urban),01-01-2018,January,2018,150,foreign
Warangal (Urban),01-02-2018,February,2018,185,foreign
Warangal (Urban),01-03-2018,March,2018,160,foreign
Warangal (Urban),01-04-2018,April,2018,150,foreign
Warangal (Urban),01-05-2018,May,2018,140,foreign
Warangal (Urban),01-06-2018,June,2018,130,foreign
Warangal (Urban),01-07-2018,July,2018,130,foreign
Warangal (Urban),01-08-2018,August,2018,135,foreign
Warangal (Urban),01-09-2018,September,2018,145,foreign
Warangal (Urban),01-10-2018,October,2018,160,foreign
Warangal (Urban),01-11-2018,November,2018,170,foreign
Warangal (Urban),01-12-2018,December,2018,187,foreign
Yadadri Bhongir,01-01-2018,January,2018,0,foreign
Yadadri Bhongir,01-02-2018,February,2018,0,foreign
Yadadri Bhongir,01-03-2018,March,2018,0,foreign
Yadadri Bhongir,01-04-2018,April,2018,0,foreign
Yadadri Bhongir,01-05-2018,May,2018,0,foreign
Yadadri Bhongir,01-06-2018,June,2018,0,foreign
Yadadri Bhongir,01-07-2018,July,2018,0,foreign
Yadadri Bhongir,01-08-2018,August,2018,0,foreign
Yadadri Bhongir,01-09-2018,September,2018,0,foreign
Yadadri Bhongir,01-10-2018,October,2018,0,foreign
Yadadri Bhongir,01-11-2018,November,2018,0,foreign
Yadadri Bhongir,01-12-2018,December,2018,0,foreign
Adilabad,01-01-2019,January,2019,0,foreign
Adilabad,01-02-2019,February,2019,2,foreign
Adilabad,01-03-2019,March,2019,0,foreign
Adilabad,01-04-2019,April,2019,0,foreign
Adilabad,01-05-2019,May,2019,0,foreign
Adilabad,01-06-2019,June,2019,0,foreign
Adilabad,01-07-2019,July,2019,0,foreign
Adilabad,01-08-2019,August,2019,2,foreign
Adilabad,01-09-2019,September,2019,0,foreign
Adilabad,01-10-2019,October,2019,0,foreign
Adilabad,01-11-2019,November,2019,2,foreign
Adilabad,01-12-2019,December,2019,0,foreign
Bhadradri Kothagudem ,01-01-2019,January,2019,0,foreign
Bhadradri Kothagudem ,01-02-2019,February,2019,0,foreign
Bhadradri Kothagudem ,01-03-2019,March,2019,0,foreign
Bhadradri Kothagudem ,01-04-2019,April,2019,0,foreign
Bhadradri Kothagudem ,01-05-2019,May,2019,0,foreign
Bhadradri Kothagudem ,01-06-2019,June,2019,0,foreign
Bhadradri Kothagudem ,01-07-2019,July,2019,0,foreign
Bhadradri Kothagudem ,01-08-2019,August,2019,0,foreign
Bhadradri Kothagudem ,01-09-2019,September,2019,0,foreign
Bhadradri Kothagudem ,01-10-2019,October,2019,0,foreign
Bhadradri Kothagudem ,01-11-2019,November,2019,0,foreign
Bhadradri Kothagudem ,01-12-2019,December,2019,0,foreign
Hyderabad,01-01-2019,January,2019,35920,foreign
Hyderabad,01-02-2019,February,2019,25621,foreign
Hyderabad,01-03-2019,March,2019,21929,foreign
Hyderabad,01-04-2019,April,2019,18267,foreign
Hyderabad,01-05-2019,May,2019,17317,foreign
Hyderabad,01-06-2019,June,2019,20077,foreign
Hyderabad,01-07-2019,July,2019,27874,foreign
Hyderabad,01-08-2019,August,2019,22725,foreign
Hyderabad,01-09-2019,September,2019,34018,foreign
Hyderabad,01-10-2019,October,2019,28706,foreign
Hyderabad,01-11-2019,November,2019,32762,foreign
Hyderabad,01-12-2019,December,2019,34084,foreign
Jagtial ,01-01-2019,January,2019,0,foreign
Jagtial ,01-02-2019,February,2019,0,foreign
Jagtial ,01-03-2019,March,2019,0,foreign
Jagtial ,01-04-2019,April,2019,0,foreign
Jagtial ,01-05-2019,May,2019,0,foreign
Jagtial ,01-06-2019,June,2019,0,foreign
Jagtial ,01-07-2019,July,2019,0,foreign
Jagtial ,01-08-2019,August,2019,0,foreign
Jagtial ,01-09-2019,September,2019,0,foreign
Jagtial ,01-10-2019,October,2019,0,foreign
Jagtial ,01-11-2019,November,2019,0,foreign
Jagtial ,01-12-2019,December,2019,0,foreign
Jangaon ,01-01-2019,January,2019,0,foreign
Jangaon ,01-02-2019,February,2019,0,foreign
Jangaon ,01-03-2019,March,2019,0,foreign
Jangaon ,01-04-2019,April,2019,0,foreign
Jangaon ,01-05-2019,May,2019,0,foreign
Jangaon ,01-06-2019,June,2019,0,foreign
Jangaon ,01-07-2019,July,2019,0,foreign
Jangaon ,01-08-2019,August,2019,0,foreign
Jangaon ,01-09-2019,September,2019,0,foreign
Jangaon ,01-10-2019,October,2019,0,foreign
Jangaon ,01-11-2019,November,2019,0,foreign
Jangaon ,01-12-2019,December,2019,0,foreign
Jayashankar Bhoopalpally,01-01-2019,January,2019,45,foreign
Jayashankar Bhoopalpally,01-02-2019,February,2019,0,foreign
Jayashankar Bhoopalpally,01-03-2019,March,2019,0,foreign
Jayashankar Bhoopalpally,01-04-2019,April,2019,0,foreign
Jayashankar Bhoopalpally,01-05-2019,May,2019,0,foreign
Jayashankar Bhoopalpally,01-06-2019,June,2019,0,foreign
Jayashankar Bhoopalpally,01-07-2019,July,2019,0,foreign
Jayashankar Bhoopalpally,01-08-2019,August,2019,0,foreign
Jayashankar Bhoopalpally,01-09-2019,September,2019,0,foreign
Jayashankar Bhoopalpally,01-10-2019,October,2019,0,foreign
Jayashankar Bhoopalpally,01-11-2019,November,2019,0,foreign
Jayashankar Bhoopalpally,01-12-2019,December,2019,0,foreign
Jogulamba Gadwal ,01-01-2019,January,2019,36,foreign
Jogulamba Gadwal ,01-02-2019,February,2019,6,foreign
Jogulamba Gadwal ,01-03-2019,March,2019,22,foreign
Jogulamba Gadwal ,01-04-2019,April,2019,16,foreign
Jogulamba Gadwal ,01-05-2019,May,2019,20,foreign
Jogulamba Gadwal ,01-06-2019,June,2019,22,foreign
Jogulamba Gadwal ,01-07-2019,July,2019,37,foreign
Jogulamba Gadwal ,01-08-2019,August,2019,42,foreign
Jogulamba Gadwal ,01-09-2019,September,2019,25,foreign
Jogulamba Gadwal ,01-10-2019,October,2019,13,foreign
Jogulamba Gadwal ,01-11-2019,November,2019,45,foreign
Jogulamba Gadwal ,01-12-2019,December,2019,11,foreign
Kamareddy ,01-01-2019,January,2019,0,foreign
Kamareddy ,01-02-2019,February,2019,0,foreign
Kamareddy ,01-03-2019,March,2019,0,foreign
Kamareddy ,01-04-2019,April,2019,0,foreign
Kamareddy ,01-05-2019,May,2019,0,foreign
Kamareddy ,01-06-2019,June,2019,0,foreign
Kamareddy ,01-07-2019,July,2019,0,foreign
Kamareddy ,01-08-2019,August,2019,0,foreign
Kamareddy ,01-09-2019,September,2019,0,foreign
Kamareddy ,01-10-2019,October,2019,0,foreign
Kamareddy ,01-11-2019,November,2019,0,foreign
Kamareddy ,01-12-2019,December,2019,0,foreign
Karimnagar ,01-01-2019,January,2019,0,foreign
Karimnagar ,01-02-2019,February,2019,0,foreign
Karimnagar ,01-03-2019,March,2019,0,foreign
Karimnagar ,01-04-2019,April,2019,0,foreign
Karimnagar ,01-05-2019,May,2019,0,foreign
Karimnagar ,01-06-2019,June,2019,0,foreign
Karimnagar ,01-07-2019,July,2019,0,foreign
Karimnagar ,01-08-2019,August,2019,0,foreign
Karimnagar ,01-09-2019,September,2019,0,foreign
Karimnagar ,01-10-2019,October,2019,0,foreign
Karimnagar ,01-11-2019,November,2019,0,foreign
Karimnagar ,01-12-2019,December,2019,0,foreign
Khammam,01-01-2019,January,2019,0,foreign
Khammam,01-02-2019,February,2019,0,foreign
Khammam,01-03-2019,March,2019,0,foreign
Khammam,01-04-2019,April,2019,0,foreign
Khammam,01-05-2019,May,2019,0,foreign
Khammam,01-06-2019,June,2019,0,foreign
Khammam,01-07-2019,July,2019,0,foreign
Khammam,01-08-2019,August,2019,0,foreign
Khammam,01-09-2019,September,2019,0,foreign
Khammam,01-10-2019,October,2019,0,foreign
Khammam,01-11-2019,November,2019,0,foreign
Khammam,01-12-2019,December,2019,0,foreign
Komaram Bheem Asifabad,01-01-2019,January,2019,0,foreign
Komaram Bheem Asifabad,01-02-2019,February,2019,0,foreign
Komaram Bheem Asifabad,01-03-2019,March,2019,0,foreign
Komaram Bheem Asifabad,01-04-2019,April,2019,0,foreign
Komaram Bheem Asifabad,01-05-2019,May,2019,0,foreign
Komaram Bheem Asifabad,01-06-2019,June,2019,0,foreign
Komaram Bheem Asifabad,01-07-2019,July,2019,0,foreign
Komaram Bheem Asifabad,01-08-2019,August,2019,0,foreign
Komaram Bheem Asifabad,01-09-2019,September,2019,0,foreign
Komaram Bheem Asifabad,01-10-2019,October,2019,0,foreign
Komaram Bheem Asifabad,01-11-2019,November,2019,0,foreign
Komaram Bheem Asifabad,01-12-2019,December,2019,0,foreign
Mahabubabad ,01-01-2019,January,2019,0,foreign
Mahabubabad ,01-02-2019,February,2019,0,foreign
Mahabubabad ,01-03-2019,March,2019,0,foreign
Mahabubabad ,01-04-2019,April,2019,0,foreign
Mahabubabad ,01-05-2019,May,2019,0,foreign
Mahabubabad ,01-06-2019,June,2019,0,foreign
Mahabubabad ,01-07-2019,July,2019,0,foreign
Mahabubabad ,01-08-2019,August,2019,0,foreign
Mahabubabad ,01-09-2019,September,2019,0,foreign
Mahabubabad ,01-10-2019,October,2019,0,foreign
Mahabubabad ,01-11-2019,November,2019,0,foreign
Mahabubabad ,01-12-2019,December,2019,0,foreign
Mahbubnagar,01-01-2019,January,2019,45,foreign
Mahbubnagar,01-02-2019,February,2019,29,foreign
Mahbubnagar,01-03-2019,March,2019,28,foreign
Mahbubnagar,01-04-2019,April,2019,34,foreign
Mahbubnagar,01-05-2019,May,2019,20,foreign
Mahbubnagar,01-06-2019,June,2019,28,foreign
Mahbubnagar,01-07-2019,July,2019,47,foreign
Mahbubnagar,01-08-2019,August,2019,44,foreign
Mahbubnagar,01-09-2019,September,2019,34,foreign
Mahbubnagar,01-10-2019,October,2019,37,foreign
Mahbubnagar,01-11-2019,November,2019,68,foreign
Mahbubnagar,01-12-2019,December,2019,26,foreign
Mancherial,01-01-2019,January,2019,0,foreign
Mancherial,01-02-2019,February,2019,0,foreign
Mancherial,01-03-2019,March,2019,0,foreign
Mancherial,01-04-2019,April,2019,0,foreign
Mancherial,01-05-2019,May,2019,0,foreign
Mancherial,01-06-2019,June,2019,0,foreign
Mancherial,01-07-2019,July,2019,0,foreign
Mancherial,01-08-2019,August,2019,0,foreign
Mancherial,01-09-2019,September,2019,0,foreign
Mancherial,01-10-2019,October,2019,0,foreign
Mancherial,01-11-2019,November,2019,10,foreign
Mancherial,01-12-2019,December,2019,0,foreign
Medak ,01-01-2019,January,2019,0,foreign
Medak ,01-02-2019,February,2019,0,foreign
Medak ,01-03-2019,March,2019,0,foreign
Medak ,01-04-2019,April,2019,0,foreign
Medak ,01-05-2019,May,2019,0,foreign
Medak ,01-06-2019,June,2019,0,foreign
Medak ,01-07-2019,July,2019,0,foreign
Medak ,01-08-2019,August,2019,0,foreign
Medak ,01-09-2019,September,2019,0,foreign
Medak ,01-10-2019,October,2019,0,foreign
Medak ,01-11-2019,November,2019,0,foreign
Medak ,01-12-2019,December,2019,0,foreign
Medchal ,01-01-2019,January,2019, ,foreign
Medchal ,01-02-2019,February,2019, ,foreign
Medchal ,01-03-2019,March,2019, ,foreign
Medchal ,01-04-2019,April,2019, ,foreign
Medchal ,01-05-2019,May,2019, ,foreign
Medchal ,01-06-2019,June,2019, ,foreign
Medchal ,01-07-2019,July,2019, ,foreign
Medchal ,01-08-2019,August,2019, ,foreign
Medchal ,01-09-2019,September,2019, ,foreign
Medchal ,01-10-2019,October,2019, ,foreign
Medchal ,01-11-2019,November,2019, ,foreign
Medchal ,01-12-2019,December,2019, ,foreign
Mulugu,01-01-2019,January,2019,0,foreign
Mulugu,01-02-2019,February,2019,45,foreign
Mulugu,01-03-2019,March,2019,40,foreign
Mulugu,01-04-2019,April,2019,40,foreign
Mulugu,01-05-2019,May,2019,40,foreign
Mulugu,01-06-2019,June,2019,50,foreign
Mulugu,01-07-2019,July,2019,55,foreign
Mulugu,01-08-2019,August,2019,50,foreign
Mulugu,01-09-2019,September,2019,60,foreign
Mulugu,01-10-2019,October,2019,60,foreign
Mulugu,01-11-2019,November,2019,70,foreign
Mulugu,01-12-2019,December,2019,65,foreign
Nagarkurnool ,01-01-2019,January,2019,35,foreign
Nagarkurnool ,01-02-2019,February,2019,15,foreign
Nagarkurnool ,01-03-2019,March,2019,14,foreign
Nagarkurnool ,01-04-2019,April,2019,18,foreign
Nagarkurnool ,01-05-2019,May,2019,14,foreign
Nagarkurnool ,01-06-2019,June,2019,14,foreign
Nagarkurnool ,01-07-2019,July,2019,17,foreign
Nagarkurnool ,01-08-2019,August,2019,22,foreign
Nagarkurnool ,01-09-2019,September,2019,7,foreign
Nagarkurnool ,01-10-2019,October,2019,3,foreign
Nagarkurnool ,01-11-2019,November,2019,30,foreign
Nagarkurnool ,01-12-2019,December,2019,10,foreign
Nalgonda,01-01-2019,January,2019,0,foreign
Nalgonda,01-02-2019,February,2019,0,foreign
Nalgonda,01-03-2019,March,2019,0,foreign
Nalgonda,01-04-2019,April,2019,0,foreign
Nalgonda,01-05-2019,May,2019,0,foreign
Nalgonda,01-06-2019,June,2019,0,foreign
Nalgonda,01-07-2019,July,2019,0,foreign
Nalgonda,01-08-2019,August,2019,0,foreign
Nalgonda,01-09-2019,September,2019,0,foreign
Nalgonda,01-10-2019,October,2019,0,foreign
Nalgonda,01-11-2019,November,2019,0,foreign
Nalgonda,01-12-2019,December,2019,0,foreign
Narayanpet,01-01-2019,January,2019,0,foreign
Narayanpet,01-02-2019,February,2019,0,foreign
Narayanpet,01-03-2019,March,2019,0,foreign
Narayanpet,01-04-2019,April,2019,0,foreign
Narayanpet,01-05-2019,May,2019,0,foreign
Narayanpet,01-06-2019,June,2019,0,foreign
Narayanpet,01-07-2019,July,2019,0,foreign
Narayanpet,01-08-2019,August,2019,0,foreign
Narayanpet,01-09-2019,September,2019,0,foreign
Narayanpet,01-10-2019,October,2019,0,foreign
Narayanpet,01-11-2019,November,2019,0,foreign
Narayanpet,01-12-2019,December,2019,5,foreign
Nirmal,01-01-2019,January,2019,0,foreign
Nirmal,01-02-2019,February,2019,0,foreign
Nirmal,01-03-2019,March,2019,0,foreign
Nirmal,01-04-2019,April,2019,0,foreign
Nirmal,01-05-2019,May,2019,0,foreign
Nirmal,01-06-2019,June,2019,0,foreign
Nirmal,01-07-2019,July,2019,0,foreign
Nirmal,01-08-2019,August,2019,0,foreign
Nirmal,01-09-2019,September,2019,0,foreign
Nirmal,01-10-2019,October,2019,0,foreign
Nirmal,01-11-2019,November,2019,0,foreign
Nirmal,01-12-2019,December,2019,0,foreign
Nizamabad,01-01-2019,January,2019,0,foreign
Nizamabad,01-02-2019,February,2019,1,foreign
Nizamabad,01-03-2019,March,2019,0,foreign
Nizamabad,01-04-2019,April,2019,0,foreign
Nizamabad,01-05-2019,May,2019,0,foreign
Nizamabad,01-06-2019,June,2019,0,foreign
Nizamabad,01-07-2019,July,2019,0,foreign
Nizamabad,01-08-2019,August,2019,0,foreign
Nizamabad,01-09-2019,September,2019,0,foreign
Nizamabad,01-10-2019,October,2019,0,foreign
Nizamabad,01-11-2019,November,2019,0,foreign
Nizamabad,01-12-2019,December,2019,0,foreign
Peddapalli,01-01-2019,January,2019,0,foreign
Peddapalli,01-02-2019,February,2019,0,foreign
Peddapalli,01-03-2019,March,2019,0,foreign
Peddapalli,01-04-2019,April,2019,0,foreign
Peddapalli,01-05-2019,May,2019,0,foreign
Peddapalli,01-06-2019,June,2019,0,foreign
Peddapalli,01-07-2019,July,2019,0,foreign
Peddapalli,01-08-2019,August,2019,0,foreign
Peddapalli,01-09-2019,September,2019,0,foreign
Peddapalli,01-10-2019,October,2019,0,foreign
Peddapalli,01-11-2019,November,2019,0,foreign
Peddapalli,01-12-2019,December,2019,0,foreign
Rajanna Sircilla ,01-01-2019,January,2019,0,foreign
Rajanna Sircilla ,01-02-2019,February,2019,0,foreign
Rajanna Sircilla ,01-03-2019,March,2019,0,foreign
Rajanna Sircilla ,01-04-2019,April,2019,0,foreign
Rajanna Sircilla ,01-05-2019,May,2019,0,foreign
Rajanna Sircilla ,01-06-2019,June,2019,0,foreign
Rajanna Sircilla ,01-07-2019,July,2019,0,foreign
Rajanna Sircilla ,01-08-2019,August,2019,0,foreign
Rajanna Sircilla ,01-09-2019,September,2019,0,foreign
Rajanna Sircilla ,01-10-2019,October,2019,0,foreign
Rajanna Sircilla ,01-11-2019,November,2019,0,foreign
Rajanna Sircilla ,01-12-2019,December,2019,0,foreign
Ranga Reddy,01-01-2019,January,2019, ,foreign
Ranga Reddy,01-02-2019,February,2019, ,foreign
Ranga Reddy,01-03-2019,March,2019, ,foreign
Ranga Reddy,01-04-2019,April,2019, ,foreign
Ranga Reddy,01-05-2019,May,2019, ,foreign
Ranga Reddy,01-06-2019,June,2019, ,foreign
Ranga Reddy,01-07-2019,July,2019, ,foreign
Ranga Reddy,01-08-2019,August,2019, ,foreign
Ranga Reddy,01-09-2019,September,2019, ,foreign
Ranga Reddy,01-10-2019,October,2019, ,foreign
Ranga Reddy,01-11-2019,November,2019, ,foreign
Ranga Reddy,01-12-2019,December,2019, ,foreign
Sangareddy ,01-01-2019,January,2019,0,foreign
Sangareddy ,01-02-2019,February,2019,0,foreign
Sangareddy ,01-03-2019,March,2019,0,foreign
Sangareddy ,01-04-2019,April,2019,0,foreign
Sangareddy ,01-05-2019,May,2019,0,foreign
Sangareddy ,01-06-2019,June,2019,0,foreign
Sangareddy ,01-07-2019,July,2019,0,foreign
Sangareddy ,01-08-2019,August,2019,0,foreign
Sangareddy ,01-09-2019,September,2019,0,foreign
Sangareddy ,01-10-2019,October,2019,0,foreign
Sangareddy ,01-11-2019,November,2019,0,foreign
Sangareddy ,01-12-2019,December,2019,0,foreign
Siddipet,01-01-2019,January,2019,0,foreign
Siddipet,01-02-2019,February,2019,0,foreign
Siddipet,01-03-2019,March,2019,0,foreign
Siddipet,01-04-2019,April,2019,0,foreign
Siddipet,01-05-2019,May,2019,0,foreign
Siddipet,01-06-2019,June,2019,0,foreign
Siddipet,01-07-2019,July,2019,0,foreign
Siddipet,01-08-2019,August,2019,0,foreign
Siddipet,01-09-2019,September,2019,0,foreign
Siddipet,01-10-2019,October,2019,0,foreign
Siddipet,01-11-2019,November,2019,0,foreign
Siddipet,01-12-2019,December,2019,0,foreign
Suryapet,01-01-2019,January,2019,0,foreign
Suryapet,01-02-2019,February,2019,0,foreign
Suryapet,01-03-2019,March,2019,0,foreign
Suryapet,01-04-2019,April,2019,0,foreign
Suryapet,01-05-2019,May,2019,0,foreign
Suryapet,01-06-2019,June,2019,0,foreign
Suryapet,01-07-2019,July,2019,0,foreign
Suryapet,01-08-2019,August,2019,0,foreign
Suryapet,01-09-2019,September,2019,0,foreign
Suryapet,01-10-2019,October,2019,0,foreign
Suryapet,01-11-2019,November,2019,0,foreign
Suryapet,01-12-2019,December,2019,0,foreign
Vikarabad,01-01-2019,January,2019, ,foreign
Vikarabad,01-02-2019,February,2019, ,foreign
Vikarabad,01-03-2019,March,2019, ,foreign
Vikarabad,01-04-2019,April,2019, ,foreign
Vikarabad,01-05-2019,May,2019, ,foreign
Vikarabad,01-06-2019,June,2019, ,foreign
Vikarabad,01-07-2019,July,2019, ,foreign
Vikarabad,01-08-2019,August,2019, ,foreign
Vikarabad,01-09-2019,September,2019, ,foreign
Vikarabad,01-10-2019,October,2019, ,foreign
Vikarabad,01-11-2019,November,2019, ,foreign
Vikarabad,01-12-2019,December,2019, ,foreign
Wanaparthy ,01-01-2019,January,2019,0,foreign
Wanaparthy ,01-02-2019,February,2019,0,foreign
Wanaparthy ,01-03-2019,March,2019,0,foreign
Wanaparthy ,01-04-2019,April,2019,0,foreign
Wanaparthy ,01-05-2019,May,2019,0,foreign
Wanaparthy ,01-06-2019,June,2019,0,foreign
Wanaparthy ,01-07-2019,July,2019,0,foreign
Wanaparthy ,01-08-2019,August,2019,0,foreign
Wanaparthy ,01-09-2019,September,2019,0,foreign
Wanaparthy ,01-10-2019,October,2019,0,foreign
Wanaparthy ,01-11-2019,November,2019,0,foreign
Wanaparthy ,01-12-2019,December,2019,0,foreign
Warangal (Rural),01-01-2019,January,2019,0,foreign
Warangal (Rural),01-02-2019,February,2019,0,foreign
Warangal (Rural),01-03-2019,March,2019,0,foreign
Warangal (Rural),01-04-2019,April,2019,0,foreign
Warangal (Rural),01-05-2019,May,2019,0,foreign
Warangal (Rural),01-06-2019,June,2019,0,foreign
Warangal (Rural),01-07-2019,July,2019,0,foreign
Warangal (Rural),01-08-2019,August,2019,0,foreign
Warangal (Rural),01-09-2019,September,2019,0,foreign
Warangal (Rural),01-10-2019,October,2019,0,foreign
Warangal (Rural),01-11-2019,November,2019,0,foreign
Warangal (Rural),01-12-2019,December,2019,0,foreign
Warangal (Urban),01-01-2019,January,2019,175,foreign
Warangal (Urban),01-02-2019,February,2019,200,foreign
Warangal (Urban),01-03-2019,March,2019,200,foreign
Warangal (Urban),01-04-2019,April,2019,190,foreign
Warangal (Urban),01-05-2019,May,2019,175,foreign
Warangal (Urban),01-06-2019,June,2019,195,foreign
Warangal (Urban),01-07-2019,July,2019,185,foreign
Warangal (Urban),01-08-2019,August,2019,230,foreign
Warangal (Urban),01-09-2019,September,2019,240,foreign
Warangal (Urban),01-10-2019,October,2019,220,foreign
Warangal (Urban),01-11-2019,November,2019,230,foreign
Warangal (Urban),01-12-2019,December,2019,210,foreign
Yadadri Bhongir,01-01-2019,January,2019,0,foreign
Yadadri Bhongir,01-02-2019,February,2019,0,foreign
Yadadri Bhongir,01-03-2019,March,2019,0,foreign
Yadadri Bhongir,01-04-2019,April,2019,0,foreign
Yadadri Bhongir,01-05-2019,May,2019,0,foreign
Yadadri Bhongir,01-06-2019,June,2019,0,foreign
Yadadri Bhongir,01-07-2019,July,2019,0,foreign
Yadadri Bhongir,01-08-2019,August,2019,0,foreign
Yadadri Bhongir,01-09-2019,September,2019,0,foreign
Yadadri Bhongir,01-10-2019,October,2019,0,foreign
Yadadri Bhongir,01-11-2019,November,2019,0,foreign
Yadadri Bhongir,01-12-2019,December,2019,0,foreign
